{"Fid":"ff_mEM7RRs26F0gkvKO-aI","Status":3,"AuthToken":"eyJhbGciOiJFUzI1NiIsInR5cCI6IkpXVCJ9.eyJhcHBJZCI6IjE6NDEyODI2MTM4NzM1OmFuZHJvaWQ6OGEzMmY3OTFlNDE1NjM0ZjJmZjU5YSIsImV4cCI6MTc1NjgwMjA1NSwiZmlkIjoiZmZfbUVNN1JSczI2RjBna3ZLTy1hSSIsInByb2plY3ROdW1iZXIiOjQxMjgyNjEzODczNX0.AB2LPV8wRQIhAIuwDQ1rugd8AIe8zMxj2U6v0R_uk19Y8vLjCEoFArM9AiACyv8UxVB920mg8dq5AKFJaQhuJ34ZAM_3wjhDGr55aQ","RefreshToken":"3_AS3qfwKmRtOhKnJtuid9g0vH5le9QhuMoLvGXkVoCVQyLnNkyROWS5Apfdd5PikrVhRPp3Km9ViCRdpO51JQr96Fy_cqVzRaTIGFGpqGys54U8g","TokenCreationEpochInSecs":1756197254,"ExpiresInSecs":604800}