<?xml version='1.0' encoding='utf-8' standalone='yes' ?>
<map>
    <string name="prev_event_name">number_verified</string>
    <long name="prev_event_timestamp" value="1756197393306" />
    <int name="appsFlyerInAppEventCount" value="3" />
    <long name="prev_session_dur" value="37" />
    <string name="afUninstallToken">f40m7jxqSgaFcKMD4dKY4T:APA91bGoHamI0IYkOeDetFo4kNYyrqF9wABbpYVN9WogftJLflFP3HLFIIiLV1csssUFHdpQJOlsuMFyV1omWKgXmgE58EKQnvQkchIvOBUeAFuuAin193c</string>
    <boolean name="ddl_sent" value="true" />
    <long name="af_rc_max_age" value="86400" />
    <string name="sentSuccessfully">true</string>
    <int name="versionCode" value="20251803" />
    <string name="af_remote_config">eyJmZWF0dXJlcyI6e30sInZlciI6ImRlZmF1bHQudjEuMTYzNzE0OTUyOSJ9</string>
    <boolean name="sentRegisterRequestToAF" value="true" />
    <string name="savedProperties">{&quot;uid&quot;:&quot;1756197232132-3462501787938420804&quot;,&quot;waitForCustomerId&quot;:&quot;false&quot;,&quot;logLevel&quot;:&quot;0&quot;,&quot;AppUserId&quot;:&quot;9ba511c39a2dda22&quot;}</string>
    <string name="AF_INSTALLATION">1756197232132-3462501787938420804</string>
    <boolean name="afUninstallToken_queued" value="false" />
    <int name="appsFlyerCount" value="6" />
    <long name="AppsFlyerTimePassedSincePrevLaunch" value="1756197384665" />
    <long name="af_rc_timestamp" value="1756197232335" />
    <boolean name="newGPReferrerSent" value="true" />
    <string name="first_launch">{&quot;net&quot;:769,&quot;from_fg&quot;:613,&quot;start_with&quot;:&quot;application&quot;,&quot;init_to_fg&quot;:24}</string>
    <string name="appsFlyerFirstInstall">2025-08-26_140352+0530</string>
    <long name="afUninstallToken_received_time" value="1756197234556" />
    <string name="attributionId">{&quot;install_time&quot;:&quot;2025-08-26 08:33:54.497&quot;,&quot;af_message&quot;:&quot;organic install&quot;,&quot;af_status&quot;:&quot;Organic&quot;,&quot;is_first_launch&quot;:false}</string>
</map>
