<?xml version='1.0' encoding='utf-8' standalone='yes' ?>
<map>
    <long name="first_open_time" value="1756197231760" />
    <string name="gmp_app_id">1:412826138735:android:8a32f791e415634f2ff59a</string>
    <string name="app_instance_id">495adbace5f6c7fadabc6784a1160b95</string>
    <long name="session_id" value="1756197231" />
    <boolean name="app_backgrounded" value="false" />
    <long name="health_monitor:start" value="1756197231872" />
    <boolean name="use_service" value="true" />
    <boolean name="deferred_analytics_collection" value="false" />
    <string name="default_event_parameters">[{&quot;n&quot;:&quot;sc_session_id&quot;,&quot;v&quot;:&quot;3047330471_cdab4f2f-cd7f-486c-963c-488cd3f8eb9f&quot;,&quot;t&quot;:&quot;s&quot;}]</string>
    <string name="previous_os_version">13</string>
    <boolean name="has_been_opened" value="true" />
    <boolean name="allow_remote_dynamite" value="true" />
    <long name="last_pause_time" value="1756197400659" />
    <boolean name="start_new_session" value="false" />
</map>
